Ticket,SCDID_CUSIP,Ticket Status ID,Ticket Status,Ticket Type,Ticket Type Name,Trade Date,Due_Settlement_Date,Model Portfolio,Investment,Investment Amount,Investment Currency,Send to SCD,Funding Amount,Funding Currency,Creator,CreateDate,SourceSystem,LastUpdatedDateTime
-------,-----------,----------------,-------------,-----------,----------------,----------,-------------------,---------------,----------,-----------------,-------------------,-----------,--------------,----------------,-------,----------,------------,-------------------
"75299","FS1000636","4","Closed","1","Capital Call",2017-11-02 00:00:00.000,2017-11-02 00:00:00.000,"MFS1000636","TPP Follow-on Fund I, LP",14878098.00000,"USD","Yes",14878098.00000,"USD"," ",2017-11-01 09:06:55.387,Investran,2017-11-02 10:03:15.967
"75300","FS1000635","4","Closed","1","Capital Call",2017-11-02 00:00:00.000,2017-11-02 00:00:00.000,"MFS1000635","TPP Opportunity Fund I, LP",4784911.00000,"USD","Yes",4784911.00000,"USD"," ",2017-11-01 09:10:19.550,Investran,2017-11-02 09:59:24.660
"75305","76299D945","4","Closed","2","Cash Distribution",2017-11-02 00:00:00.000,2017-11-02 00:00:00.000,"M76299D945","Resolute Fund II (PIP)",1244836.00000,"USD","Yes",1244836.00000,"USD"," ",2017-11-01 09:47:58.623,Investran,2017-11-06 11:49:27.173
"75306","76199H921","8","Pending review by {0}","2","Cash Distribution",2017-11-02 00:00:00.000,2017-11-02 00:00:00.000,"M76199H921","Resolute Fund II, L.P.",25097500.00000,"USD","Yes",25097500.00000,"USD","Ortiz, Christopher",2017-11-01 09:59:59.603,Investran,2017-11-02 12:17:10.010
"75307","PD1000312","4","Closed","2","Cash Distribution",2017-10-02 00:00:00.000,2017-10-02 00:00:00.000,"MPD1000312","Nordco Inc. L+6.25% 08/26/20",1272373.75000,"USD","No",0," "," ",2017-11-01 10:10:17.713,WSO,2017-11-06 08:53:31.787
"75308","PD1000394","4","Closed","2","Cash Distribution",2017-10-31 00:00:00.000,2017-10-31 00:00:00.000,"MPD1000394","Project Soldier L+8.5% -12/29/2023",302866.67000,"USD","No",0," "," ",2017-11-01 10:20:13.817,WSO,2017-11-06 07:55:39.380
"75309","PDI100016","5","Cancelled","2","Cash Distribution",2017-10-31 00:00:00.000,2017-10-31 00:00:00.000,"MP2I100016","Kennedy Trust Royalty 2 08/21/2018",389180.18000,"USD","Yes",389180.18000,"USD","Chow, Katelyn",2017-11-01 10:20:14.317,WSO,2017-11-03 14:55:10.413
"75311","PD1000258","6","Manual","2","Cash Distribution",2017-10-31 00:00:00.000,2017-10-31 00:00:00.000,"MPD2000105","SMART Modular Technologies Inc. L+7 8/27/2017",5085.93000,"USD","Yes",6355.38000,"CAD","Gavadza, Olena",2017-11-01 10:30:11.450,NULL,2017-11-01 15:47:46.947
"75313","99UUKH905","1","Pending approval by {0}","2","Cash Distribution",2017-11-08 00:00:00.000,2017-11-08 00:00:00.000,"M99UUKH905","ESP CPPIB European MidMarket Fund",3118866.80000,"EUR","Yes",3118866.80000,"EUR","Nechayevska, Dasha",2017-11-01 10:40:33.930,Investran,2017-11-01 16:12:49.890
"75315","FS1000383","4","Closed","1","Capital Call",2017-11-09 00:00:00.000,2017-11-09 00:00:00.000,"MFS1000383","Siris Partners III, L.P.",37162226.00000,"USD","Yes",37162226.00000,"USD"," ",2017-11-01 10:40:38.943,Investran,2017-11-06 09:55:39.443
"75316","FS1000617","4","Closed","1","Capital Call",2017-11-09 00:00:00.000,2017-11-09 00:00:00.000,"MFS1000617","Siris Partners III, LP (Mosers)",7402376.00000,"USD","Yes",7402376.00000,"USD"," ",2017-11-01 10:46:39.490,Investran,2017-11-06 11:35:20.357
"75317","PD1000406","4","Closed","2","Cash Distribution",2017-10-31 00:00:00.000,2017-10-31 00:00:00.000,"MPD1000406","Skillsoft-L+4.75%-Apr-21",111614.46000,"USD","No",0," "," ",2017-11-01 10:50:17.823,WSO,2017-11-06 09:11:44.217
"75320","IN1000064","6","Manual","2","Cash Distribution",2017-10-31 00:00:00.000,2017-10-31 00:00:00.000,"MIN1000064","Pacific National",360.61000,"AUD","Yes",360.61000,"AUD","Shang, Jenny",2017-11-01 11:18:27.803,Investran,2017-11-01 19:47:30.820
"75324","IN1000065","6","Manual","2","Cash Distribution",2017-10-31 00:00:00.000,2017-10-31 00:00:00.000,"MIN1000065","North West Roads Group-CART",22.12000,"AUD","Yes",22.12000,"AUD","Shang, Jenny",2017-11-01 11:25:33.803,Investran,2017-11-01 15:33:59.080
"75325","FS1000409","6","Manual","1","Capital Call",2017-10-31 00:00:00.000,2017-10-31 00:00:00.000,"MFS1000409","Corporate Expenses - Funds (VCC)",181.80000,"CAD","Yes",181.80000,"CAD","Gavadza, Olena",2017-11-01 11:32:44.627,Investran,2017-11-01 15:29:32.523
"75326","FS1000607","6","Manual","1","Capital Call",2017-10-31 00:00:00.000,2017-10-31 00:00:00.000,"MFS1000607","New Mountain Partners III, LP (Mosers)",226.37000,"USD","Yes",291.82000,"CAD","Gavadza, Olena",2017-11-01 11:32:45.193,Investran,2017-11-01 15:30:16.073
"75327","FS1000327","4","Closed","1","Capital Call",2017-11-09 00:00:00.000,2017-11-09 00:00:00.000,"MFS1000327","Apollo Investment Fund VIII, L.P.",5820232.94000,"USD","Yes",5820232.94000,"USD"," ",2017-11-01 11:34:49.983,Investran,2017-11-07 17:57:26.040
"75328","IN1000067","6","Manual","1","Capital Call",2017-10-31 00:00:00.000,2017-10-31 00:00:00.000,"MIN1000067","North West Roads Group-Intoll Trust 1 Ops",15.08000,"AUD","Yes",15.08000,"AUD","Shang, Jenny",2017-11-01 11:36:25.033,Investran,2017-11-01 15:47:40.257
"75329","IN1000066","6","Manual","2","Cash Distribution",2017-10-31 00:00:00.000,2017-10-31 00:00:00.000,"MIN1000066","Westlink M7-Intoll Trust (I)",21020.44000,"AUD","Yes",21020.44000,"AUD","Shang, Jenny",2017-11-01 11:49:01.703,Investran,2017-11-01 19:48:33.580
"75330","IN1000036","6","Manual","1","Capital Call",2017-10-31 00:00:00.000,2017-10-31 00:00:00.000,"MIN1000036","Grupo Costanera (PDHI Transition)",581769.30000,"CLP","Yes",1179.45000,"CAD","Gavadza, Olena",2017-11-01 11:50:26.880,Investran,2017-11-01 15:36:50.037
"75331","IN1000037","6","Manual","1","Capital Call",2017-10-31 00:00:00.000,2017-10-31 00:00:00.000,"MIN1000037","Transelec SA (PDHI - B2B Loan)",871.49000,"USD","Yes",1123.43000,"CAD","Gavadza, Olena",2017-11-01 11:50:27.407,Investran,2017-11-01 15:37:28.400
"75332","IN1000003","6","Manual","1","Capital Call",2017-10-31 00:00:00.000,2017-10-31 00:00:00.000,"M219999992","Corporate Expenses - Infrastructure",681.72000,"CAD","Yes",681.72000,"CAD","Gavadza, Olena",2017-11-01 11:50:27.737,Investran,2017-11-01 15:38:01.500
"75334","77099B980","4","Closed","2","Cash Distribution",2017-10-31 00:00:00.000,2017-10-31 00:00:00.000,"M77099B980","TPG Partners VI, L.P. (PIP)",51817.00000,"USD","Yes",51817.00000,"USD"," ",2017-11-01 12:01:37.447,Investran,2017-11-02 13:01:53.573
"75336","FS1000592","1","Pending approval by {0}","2","Cash Distribution",2017-11-02 00:00:00.000,2017-11-02 00:00:00.000,"MFS1000592","PAI Europe IV - B6 (Ardian)",566280.00000,"EUR","Yes",566280.00000,"EUR","Kheraj, Nadeem",2017-11-01 12:20:09.210,Investran,2017-11-08 11:04:05.480
"75338","77099A917","8","Pending review by {0}","2","Cash Distribution",2017-10-31 00:00:00.000,2017-10-31 00:00:00.000,"M77099A917","TPG Partners VI, L.P.",4483141.00000,"USD","Yes",4483141.00000,"USD","Chih, Joey",2017-11-01 13:07:58.173,Investran,2017-11-01 14:20:24.663
"75339","FS1000626","5","Cancelled","1","Capital Call",2017-10-26 00:00:00.000,2017-10-26 00:00:00.000,"MFS1000626","McDonald’s China Management (CITIC)",70521.16000,"USD","Yes",70521.16000,"USD","Hassan, Sohaib",2017-11-01 13:44:07.280,NULL,2017-11-06 11:43:21.093
"75340","PR1000096","6","Manual","1","Capital Call",2017-10-31 00:00:00.000,2017-10-31 00:00:00.000,"MPR1000096","Agricultural Company of America (PHI Transition)",289.71000,"USD","Yes",373.47000,"CAD","Gavadza, Olena",2017-11-01 13:44:56.607,Investran,2017-11-01 15:39:11.560
"75341","PR1000113","6","Manual","2","Cash Distribution",2017-10-31 00:00:00.000,2017-10-31 00:00:00.000,"MPR1000113","Corporate Expenses - Principal Investing (CPPIB)",34.41000,"CAD","Yes",34.41000,"CAD","Gavadza, Olena",2017-11-01 13:44:57.360,Investran,2017-11-01 15:39:44.600
"75342",".ATUS US","6","Manual","2","Cash Distribution",2017-10-31 00:00:00.000,2017-10-31 00:00:00.000,"MPR1000169","Altice USA",612.99000,"USD","Yes",790.21000,"CAD","Gavadza, Olena",2017-11-01 13:44:57.853,Investran,2017-11-01 15:48:24.000
"75345","PDI100033","6","Manual","1","Capital Call",2017-10-31 00:00:00.000,2017-10-31 00:00:00.000,"MPDI100033","Antares Holdings LP",2022.70000,"USD","Yes",2607.46000,"CAD","Gavadza, Olena",2017-11-01 14:15:12.520,NULL,2017-11-01 15:34:53.370
"75346","PD1000368","6","Manual","1","Capital Call",2017-10-31 00:00:00.000,2017-10-31 00:00:00.000,"MPDI200046","Project President Coinvestments- Expenses",2642.48000,"USD","Yes",3406.42000,"CAD","Gavadza, Olena",2017-11-01 14:24:55.710,NULL,2017-11-01 15:35:30.163
"75348","219999901","6","Manual","1","Capital Call",2017-10-31 00:00:00.000,2017-10-31 00:00:00.000,"M219999901","Corporate Expenses - Private Debt",6442.43000,"CAD","Yes",6442.43000,"CAD","Gavadza, Olena",2017-11-01 14:33:59.540,NULL,2017-11-01 15:36:10.903
"75354","PR1000121","6","Manual","1","Capital Call",2017-11-09 00:00:00.000,2017-11-09 00:00:00.000,"MPR1000121","Informatica Corporation",1942.43000,"USD","Yes",2504.08000,"CAD","Hassan, Sohaib",2017-11-01 15:46:41.597,Investran,2017-11-07 13:22:07.743
"75355","PR1000130","6","Manual","1","Capital Call",2017-11-09 00:00:00.000,2017-11-09 00:00:00.000,"MPR1000130","Corporate Expenses - Principal Investing (VCC)",16931.82000,"CAD","Yes",16931.82000,"CAD","Hassan, Sohaib",2017-11-01 15:52:32.063,Investran,2017-11-07 13:23:44.590
"75356","PR1000130","6","Manual","1","Capital Call",2017-11-09 00:00:00.000,2017-11-09 00:00:00.000,"MPR1000130","Corporate Expenses - Principal Investing (VCC)",4622.25000,"CAD","Yes",4622.25000,"CAD","Hassan, Sohaib",2017-11-01 15:56:42.327,Investran,2017-11-07 13:23:05.500
"75358","PR1000130","6","Manual","1","Capital Call",2017-11-09 00:00:00.000,2017-11-09 00:00:00.000,"MPR1000130","Corporate Expenses - Principal Investing (VCC)",1323.96000,"CAD","Yes",1027.00000,"USD","Hassan, Sohaib",2017-11-01 16:23:20.453,Investran,2017-11-07 13:24:41.117
"75359","PR1000130","6","Manual","1","Capital Call",2017-11-09 00:00:00.000,2017-11-09 00:00:00.000,"MPR1000130","Corporate Expenses - Principal Investing (VCC)",338.70000,"CAD","Yes",262.73000,"USD","Hassan, Sohaib",2017-11-01 16:30:56.437,Investran,2017-11-07 13:54:01.270
"75360","PR1000130","6","Manual","1","Capital Call",2017-11-09 00:00:00.000,2017-11-09 00:00:00.000,"MPR1000130","Corporate Expenses - Principal Investing (VCC)",116023.50000,"CAD","Yes",90000.00000,"USD","Hassan, Sohaib",2017-11-01 16:34:42.040,Investran,2017-11-07 13:55:38.700
"75361","PR1000130","6","Manual","1","Capital Call",2017-11-10 00:00:00.000,2017-11-10 00:00:00.000,"MPR1000130","Corporate Expenses - Principal Investing (VCC)",13207.34000,"CAD","Yes",10245.00000,"USD","Hassan, Sohaib",2017-11-01 16:39:47.460,Investran,2017-11-07 13:36:08.700
"75362","PR1000130","9","Manual pending review","1","Capital Call",2017-11-10 00:00:00.000,2017-11-10 00:00:00.000,"MPR1000130","Corporate Expenses - Principal Investing (VCC)",6551.44000,"CAD","Yes",4374.80000,"EUR","Hassan, Sohaib",2017-11-01 16:43:32.883,Investran,2017-11-07 13:14:04.293
"75363","PR1000130","6","Manual","1","Capital Call",2017-11-09 00:00:00.000,2017-11-09 00:00:00.000,"MPR1000130","Corporate Expenses - Principal Investing (VCC)",1031.32000,"CAD","Yes",800.00000,"USD","Hassan, Sohaib",2017-11-01 16:48:48.180,Investran,2017-11-07 13:58:40.427
"75364","IN1000047","6","Manual","1","Capital Call",2017-11-06 00:00:00.000,2017-11-06 00:00:00.000,"MIN1000024","NorthConnex Finance Pty Ltd",9010640.00000,"AUD","No",0," ","Shang, Jenny",2017-11-01 16:51:43.763,NULL,2017-11-03 10:44:10.390
"75365","PR1000125","6","Manual","1","Capital Call",2017-11-09 00:00:00.000,2017-11-09 00:00:00.000,"MPR1000125","Corporate Expenses - Natural Resources (CPPIB)",24233.64000,"CAD","Yes",24233.64000,"CAD","Hassan, Sohaib",2017-11-01 16:52:58.587,Investran,2017-11-07 13:56:36.230
"75366","IN1000068","4","Closed","1","Capital Call",2017-11-08 00:00:00.000,2017-11-08 00:00:00.000,"MIN1000066","NorthConnex M3-Intoll Trust (I)",9010640.00000,"AUD","Yes",9010640.00000,"AUD"," ",2017-11-01 17:03:39.597,Investran,2017-11-06 09:46:14.633
"75367","PD1000308","4","Closed","2","Cash Distribution",2017-10-31 00:00:00.000,2017-10-31 00:00:00.000,"MPD1000308","Mavis Tire Supply L+5.25% 08/04/2020",422605.83000,"USD","No",0," "," ",2017-11-01 17:30:01.530,WSO,2017-11-03 09:49:57.780
"75368","PD1000341","4","Closed","2","Cash Distribution",2017-10-31 00:00:00.000,2017-10-31 00:00:00.000,"MPD1000341","WorldStrides LOTL",4135.85000,"USD","Yes",4135.85000,"USD"," ",2017-11-01 19:53:53.767,WSO,2017-11-03 17:27:38.387
"75369","IN1000043","6","Manual","1","Capital Call",2017-10-31 00:00:00.000,2017-10-31 00:00:00.000,"MIN1000043","Corporate Expenses - Infrastructure (Singapore)",128.91000,"CAD","Yes",100.00000,"USD","Gavadza, Olena",2017-11-02 08:45:21.707,Investran,2017-11-03 15:00:03.607
"75372","PD1000314","6","Manual","2","Cash Distribution",2017-11-01 00:00:00.000,2017-11-01 00:00:00.000,"MPD1000314","Corporate Expenses - PCI (VCC)",35703.28000,"CAD","Yes",28235.10000,"USD","Gavadza, Olena",2017-11-02 08:53:49.037,NULL,2017-11-03 15:01:04.663
"75373","FS1000342","1","Pending approval by {0}","2","Cash Distribution",2017-11-03 00:00:00.000,2017-11-03 00:00:00.000,"MFS1000342","Resolute Fund III, L.P.",385555.00000,"USD","Yes",385555.00000,"USD","Petergeorge, Anderson",2017-11-02 09:30:40.927,Investran,2017-11-08 09:59:03.290
"75374","PR1000127","6","Manual","1","Capital Call",2017-11-09 00:00:00.000,2017-11-09 00:00:00.000,"MPR1000127","Corporate Expenses - Natural Resources (VCC)",5839.86000,"CAD","Yes",5839.86000,"CAD","Hassan, Sohaib",2017-11-02 09:37:06.387,Investran,2017-11-07 16:12:11.300
"75375","FS1000241","3","Approved pending payment {0}","1","Capital Call",2017-11-14 00:00:00.000,2017-11-14 00:00:00.000,"MFS1000241","EnCap Energy Capital Fund VIII-C, L.P.",1735413.13000,"USD","Yes",1735413.13000,"USD","2017/11/14",2017-11-02 09:40:41.600,Investran,2017-11-02 12:49:39.047
"75376","PD1000314","6","Manual","1","Capital Call",2017-11-09 00:00:00.000,2017-11-09 00:00:00.000,"MPD1000314","Corporate Expenses - PCI (VCC)",20506.77000,"CAD","Yes",12000.00000,"GBP","Hassan, Sohaib",2017-11-02 09:43:38.240,NULL,2017-11-07 15:33:11.893
"75377","219999901","6","Manual","1","Capital Call",2017-10-31 00:00:00.000,2017-10-31 00:00:00.000,"M219999901","Corporate Expenses - Private Debt",13762.89000,"CAD","Yes",13762.89000,"CAD","Gavadza, Olena",2017-11-02 09:45:46.840,NULL,2017-11-03 15:04:54.287
"75378","PR1000127","6","Manual","1","Capital Call",2017-11-10 00:00:00.000,2017-11-10 00:00:00.000,"MPR1000127","Corporate Expenses - Natural Resources (VCC)",7496.08000,"CAD","Yes",5005.59000,"EUR","Hassan, Sohaib",2017-11-02 09:50:07.060,Investran,2017-11-07 13:17:11.927
"75379","FS1000490","4","Closed","1","Capital Call",2017-11-09 00:00:00.000,2017-11-09 00:00:00.000,"MFS1000490","Fountainvest China Capital Partners Fund III, L.P.",121088433.00000,"CNY","Yes",18227974.00000,"USD"," ",2017-11-02 09:54:12.297,Investran,2017-11-03 01:36:03.603
"75382","PDI100057","6","Manual","1","Capital Call",2017-11-09 00:00:00.000,2017-11-09 00:00:00.000,"MPDI100057","LongPoint Minerals Equity",39.87000,"USD","Yes",51.40000,"CAD","Hassan, Sohaib",2017-11-02 10:40:48.897,NULL,2017-11-07 15:35:32.027
"75384","FS1000347","6","Manual","2","Cash Distribution",2017-10-31 00:00:00.000,2017-10-31 00:00:00.000,"MFS1000347","TPG Asia VI L.P.",0.00000,"USD","Yes",0.00000,"USD","Chih, Joey",2017-11-02 10:54:58.540,Investran,2017-11-02 11:08:12.030
"75385","PDI100057","6","Manual","1","Capital Call",2017-11-09 00:00:00.000,2017-11-09 00:00:00.000,"MPDI100057","LongPoint Minerals Equity",3796.50000,"USD","Yes",3796.50000,"USD","Hassan, Sohaib",2017-11-02 10:58:49.487,NULL,2017-11-07 15:34:45.910
"75386","IN1000052","6","Manual","1","Capital Call",2017-11-10 00:00:00.000,2017-11-10 00:00:00.000,"MIN1000052","Corporate Expenses - Infrastructure (VCC)",2745.64000,"CAD","Yes",2810.70000,"AUD","Hassan, Sohaib",2017-11-02 11:02:21.963,Investran,2017-11-07 13:54:50.450
"75387","219999901","6","Manual","1","Capital Call",2017-10-31 00:00:00.000,2017-10-31 00:00:00.000,"M219999901","Corporate Expenses - Private Debt",6996.32000,"CAD","Yes",5427.29000,"USD","Gavadza, Olena",2017-11-02 11:07:43.797,NULL,2017-11-03 15:05:18.750
"75388","12899Q929","6","Manual","9","Adjustment",2017-10-31 00:00:00.000,2017-10-31 00:00:00.000,"M12899Q929","GCM Grosvenor CPP Investment Board Mid-Market Opportunities Fund II, L.P",0.00000,"USD","Yes",0.00000,"USD","Wong, Andrew",2017-11-02 11:21:13.260,Investran,2017-11-02 16:30:14.877
"75389","IN1000031","6","Manual","1","Capital Call",2017-10-31 00:00:00.000,2017-10-31 00:00:00.000,"MIN1000031","Grupo Costanera (SPA)",15860.00000,"CLP","Yes",15860.00000,"CLP","Gavadza, Olena",2017-11-02 11:42:25.017,Investran,2017-11-03 15:04:07.110
"75390","IN1000031","6","Manual","1","Capital Call",2017-10-31 00:00:00.000,2017-10-31 00:00:00.000,"MIN1000031","Grupo Costanera (SPA)",41267.00000,"CLP","Yes",64.90000,"USD","Gavadza, Olena",2017-11-02 11:42:25.497,Investran,2017-11-03 15:01:34.000
"75391","IN1000058","6","Manual","1","Capital Call",2017-10-31 00:00:00.000,2017-10-31 00:00:00.000,"MIN1000034","Grupo Costanera (Limitada 2)",16291.00000,"CLP","Yes",16291.00000,"CLP","Gavadza, Olena",2017-11-02 11:42:26.133,Investran,2017-11-03 15:02:47.767
"75392","PR1000085","6","Manual","1","Capital Call",2017-10-31 00:00:00.000,2017-10-31 00:00:00.000,"MPR1000085","Dorna Sports Management (CPPIB HKCo)",59.41000,"EUR","Yes",59.41000,"EUR","Gavadza, Olena",2017-11-02 11:42:26.707,Investran,2017-11-03 15:01:58.227
"75394","910RUD900","1","Pending approval by {0}","2","Cash Distribution",2017-11-03 00:00:00.000,2017-11-03 00:00:00.000,"M910RUD900","Advent International GPE V - C (PIP)",72201.00000,"EUR","Yes",72201.00000,"EUR","Shen, Carlin",2017-11-02 12:14:12.413,Investran,2017-11-03 17:14:19.017
"75395","99UNJJ909","1","Pending approval by {0}","2","Cash Distribution",2017-11-03 00:00:00.000,2017-11-03 00:00:00.000,"M99UNJJ909","Advent International GPE V-G, L.P.",3957193.00000,"EUR","Yes",3957193.00000,"EUR","Brown, Delaney",2017-11-02 12:20:19.967,Investran,2017-11-06 09:24:15.640
"75396","PR1000052","6","Manual","1","Capital Call",2017-10-31 00:00:00.000,2017-10-31 00:00:00.000,"MPR1000052","Corporate Expenses - Luxco PI'ng",168802.81000,"EUR","Yes",196646.83000,"USD","Gavadza, Olena",2017-11-02 12:20:43.037,Investran,2017-11-03 15:03:19.383
"75397","PR1000052","6","Manual","1","Capital Call",2017-10-31 00:00:00.000,2017-10-31 00:00:00.000,"MPR1000052","Corporate Expenses - Luxco PI'ng",25125.35000,"EUR","Yes",29269.77000,"USD","Gavadza, Olena",2017-11-02 12:20:43.577,Investran,2017-11-03 15:03:39.197
"75400","IN1000054","6","Manual","1","Capital Call",2017-10-31 00:00:00.000,2017-10-31 00:00:00.000,"MIN1000054","Project Bell",24618.75000,"AUD","Yes",24333.60000,"CAD","Gavadza, Olena",2017-11-02 14:26:01.667,Investran,2017-11-03 15:06:36.390
"75401","69799A982","6","Manual","1","Capital Call",2017-10-31 00:00:00.000,2017-10-31 00:00:00.000,"M69799A982","Puget Energy",5165.82000,"USD","Yes",6659.26000,"CAD","Gavadza, Olena",2017-11-02 14:26:02.263,Investran,2017-11-03 15:07:03.473
"75402","IN1000040","6","Manual","1","Capital Call",2017-10-31 00:00:00.000,2017-10-31 00:00:00.000,"MIN1000040","Transportadora de Gas del Perú S.A. (Carmen Corp)",7276.55000,"USD","Yes",9380.20000,"CAD","Gavadza, Olena",2017-11-02 14:26:02.887,Investran,2017-11-03 15:10:08.023
"75403","IN1000003","6","Manual","1","Capital Call",2017-10-31 00:00:00.000,2017-10-31 00:00:00.000,"M219999992","Corporate Expenses - Infrastructure",11679.88000,"CAD","Yes",11679.88000,"CAD","Gavadza, Olena",2017-11-02 14:26:03.650,Investran,2017-11-03 15:10:26.573
"75404","IN1000003","6","Manual","1","Capital Call",2017-10-31 00:00:00.000,2017-10-31 00:00:00.000,"M219999992","Corporate Expenses - Infrastructure",9569.93000,"CAD","Yes",9569.93000,"CAD","Gavadza, Olena",2017-11-02 14:26:04.187,Investran,2017-11-03 15:10:42.317
"75405","IN1000003","6","Manual","1","Capital Call",2017-10-31 00:00:00.000,2017-10-31 00:00:00.000,"M219999992","Corporate Expenses - Infrastructure",13319.67000,"CAD","Yes",13319.67000,"CAD","Gavadza, Olena",2017-11-02 14:26:04.850,Investran,2017-11-03 15:11:00.920
"75406","IN1000003","6","Manual","1","Capital Call",2017-10-31 00:00:00.000,2017-10-31 00:00:00.000,"M219999992","Corporate Expenses - Infrastructure",12082.44000,"CAD","Yes",12082.44000,"CAD","Gavadza, Olena",2017-11-02 14:26:05.390,Investran,2017-11-03 15:11:20.507
"75407","FS1000359","3","Approved pending payment {0}","1","Capital Call",2017-11-14 00:00:00.000,2017-11-14 00:00:00.000,"MFS1000359","Hillhouse Fund II, L.P.",888078.55000,"USD","Yes",888078.55000,"USD","2017/11/14",2017-11-02 14:31:07.160,Investran,2017-11-03 20:04:35.533
"75408","PD1000372","1","Pending approval by {0}","2","Cash Distribution",2017-10-30 00:00:00.000,2017-10-31 00:00:00.000,"MPD1000372","Alltech USD L+6.75 07/22/2023",1032204.14000,"USD","No",0," ","Bradford, Alexandra",2017-11-02 14:38:27.877,WSO,2017-11-06 10:57:32.790
"75409","PD1000279","4","Closed","2","Cash Distribution",2017-10-31 00:00:00.000,2017-11-03 00:00:00.000,"MPD1000279","Project Holster",3437.50000,"USD","No",0," "," ",2017-11-02 14:39:16.907,NULL,2017-11-02 17:12:24.220
"75410","PD1000397","4","Closed","2","Cash Distribution",2017-10-31 00:00:00.000,2017-11-03 00:00:00.000,"MPD1000279","Project Holster 8 Revolver",6381.24000,"USD","Yes",6381.24000,"USD"," ",2017-11-02 14:40:31.923,NULL,2017-11-02 17:12:58.573
"75411","PD1000334","4","Closed","2","Cash Distribution",2017-10-31 00:00:00.000,2017-11-03 00:00:00.000,"MPD1000279","Project Holster - Public",1730.11000,"USD","Yes",1730.11000,"USD"," ",2017-11-02 14:41:27.543,NULL,2017-11-02 17:12:51.540
"75412","PD1000385","4","Closed","5","Sell",2017-10-31 00:00:00.000,2017-11-03 00:00:00.000,"MPD1000279","Project Holster 7 Revolver",290393.62000,"USD","Yes",290393.62000,"USD"," ",2017-11-02 14:42:46.593,NULL,2017-11-02 17:12:33.150
"75413","PD1000397","4","Closed","4","Buy",2017-10-31 00:00:00.000,2017-11-03 00:00:00.000,"MPD1000279","Project Holster 8 Revolver",144750.00000,"USD","Yes",144750.00000,"USD"," ",2017-11-02 14:43:59.613,NULL,2017-11-03 08:52:25.737
"75414","PDI100073","4","Closed","2","Cash Distribution",2017-10-31 00:00:00.000,2017-11-03 00:00:00.000,"MPDI100028","Project Holster 7 (Netback)",9606.38000,"USD","Yes",9606.38000,"USD"," ",2017-11-02 14:44:49.563,NULL,2017-11-02 17:12:41.207
"75415","PDI100028","4","Closed","1","Capital Call",2017-10-31 00:00:00.000,2017-11-03 00:00:00.000,"MPDI100028","Project Holster 8 (Netback)",5250.00000,"USD","Yes",5250.00000,"USD"," ",2017-11-02 14:45:31.350,NULL,2017-11-03 08:46:47.797
"75416","PD1000364","1","Pending approval by {0}","2","Cash Distribution",2017-10-30 00:00:00.000,2017-10-30 00:00:00.000,"MPD2000372","Alltech EUR L+6.75 7/23/2023",230885.42000,"EUR","No",0," ","Bradford, Alexandra",2017-11-02 14:48:23.403,WSO,2017-11-06 10:55:31.783
"75420","IN1000003","6","Manual","1","Capital Call",2017-10-31 00:00:00.000,2017-10-31 00:00:00.000,"M219999992","Corporate Expenses - Infrastructure",7009.90000,"CAD","Yes",17789.03000,"BRL","Gavadza, Olena",2017-11-02 15:15:05.583,Investran,2017-11-03 15:05:54.973
"75421","FS1000489","3","Approved pending payment {0}","1","Capital Call",2017-11-15 00:00:00.000,2017-11-15 00:00:00.000,"MFS1000489","CITIC Capital China Partners III, L.P.",300082.00000,"USD","Yes",300082.00000,"USD","2017/11/15",2017-11-02 15:37:02.353,Investran,2017-11-05 20:16:08.963
"75422","PD1000419","1","Pending approval by {0}","2","Cash Distribution",2017-10-31 00:00:00.000,2017-11-01 00:00:00.000,"MPD1000419","Home Point Financial-L+7.00%-Sep-22",840656.25000,"USD","No",0," ","Gong, David",2017-11-02 15:51:18.210,WSO,2017-11-06 11:59:14.087
"75423","PR1000153","6","Manual","1","Capital Call",2017-10-31 00:00:00.000,2017-10-31 00:00:00.000,"MPR1000153","Ascot Underwriting",28109.03000,"USD","Yes",36235.35000,"CAD","Gavadza, Olena",2017-11-02 15:51:28.193,Investran,2017-11-03 15:12:11.130
"75424","PR1000121","6","Manual","1","Capital Call",2017-10-31 00:00:00.000,2017-10-31 00:00:00.000,"MPR1000121","Informatica Corporation",7844.67000,"USD","Yes",10112.56000,"CAD","Gavadza, Olena",2017-11-02 15:51:28.747,Investran,2017-11-03 15:12:37.357
"75425","PR1000154","6","Manual","1","Capital Call",2017-10-31 00:00:00.000,2017-10-31 00:00:00.000,"MPR1000154","Glencore Agriculture Limited",12013.30000,"USD","Yes",15486.35000,"CAD","Gavadza, Olena",2017-11-02 15:51:29.177,Investran,2017-11-03 15:12:54.790
"75426","PR1000096","6","Manual","1","Capital Call",2017-10-31 00:00:00.000,2017-10-31 00:00:00.000,"MPR1000096","Agricultural Company of America (PHI Transition)",332.00000,"USD","Yes",427.98000,"CAD","Gavadza, Olena",2017-11-02 15:51:29.520,Investran,2017-11-03 15:13:13.330
"75427","PR1000113","6","Manual","1","Capital Call",2017-10-31 00:00:00.000,2017-10-31 00:00:00.000,"MPR1000113","Corporate Expenses - Principal Investing (CPPIB)",27430.28000,"CAD","Yes",27430.28000,"CAD","Gavadza, Olena",2017-11-02 15:51:30.050,Investran,2017-11-03 15:13:33.783
"75428","FS1000406","8","Pending review by {0}","2","Cash Distribution",2017-11-03 00:00:00.000,2017-11-03 00:00:00.000,"MFS1000406","Carlyle Europe Partners IV, L.P.",1434500.00000,"EUR","Yes",1434500.00000,"EUR","Tania Mall",2017-11-02 15:53:33.157,Investran,2017-11-02 16:02:46.657
"75429","PR1000162","1","Pending approval by {0}","2","Cash Distribution",2017-10-30 00:00:00.000,2017-10-30 00:00:00.000,"M997WRN907","Takko Holding (Advent Vision S.a.r.l.)",18933.71000,"EUR","Yes",18933.71000,"EUR","Selwood, Ryan",2017-11-02 16:27:55.990,Investran,2017-11-03 14:46:39.380
"75430","PR1000162","1","Pending approval by {0}","2","Cash Distribution",2017-10-30 00:00:00.000,2017-10-30 00:00:00.000,"M997WRN907","Takko Holding (Advent Vision S.a.r.l.)",5563170.35000,"EUR","Yes",5563170.35000,"EUR","Selwood, Ryan",2017-11-02 16:27:56.933,Investran,2017-11-03 14:46:51.163
"75433","PDI100032","4","Closed","2","Cash Distribution",2017-10-27 00:00:00.000,2017-10-27 00:00:00.000,"MPDI200032","Alturas Inc.",21900000.00000,"USD","Yes",21900000.00000,"USD"," ",2017-11-02 17:01:18.073,WSO,2017-11-06 07:54:18.973
"75434","PD1000363","4","Closed","5","Sell",2017-10-31 00:00:00.000,2017-10-31 00:00:00.000,"MPD1000363","Dell Software L+6.0 9/27/20",94148.32000,"USD","Yes",94148.32000,"USD"," ",2017-11-02 17:31:20.200,WSO,2017-11-03 16:28:37.217
"75435","PD1000363","4","Closed","2","Cash Distribution",2017-10-31 00:00:00.000,2017-10-31 00:00:00.000,"MPD1000363","Dell Software L+6.0 9/27/20",261090.75000,"USD","No",0," "," ",2017-11-02 17:36:16.500,WSO,2017-11-03 16:29:12.803
"75436","PDI100040","4","Closed","2","Cash Distribution",2017-10-26 00:00:00.000,2017-10-26 00:00:00.000,"MPDI100040","Project Madison (Titan) Royalty",540000.00000,"USD","Yes",540000.00000,"USD"," ",2017-11-02 18:21:07.190,WSO,2017-11-03 16:18:14.393
"75437","PDI100041","4","Closed","2","Cash Distribution",2017-10-26 00:00:00.000,2017-10-26 00:00:00.000,"MPDI100041","Project Madison (Saturn) Royalty",540000.00000,"USD","Yes",540000.00000,"USD"," ",2017-11-02 18:21:07.893,WSO,2017-11-03 16:17:16.730
"75438","PD1000386","4","Closed","1","Capital Call",2017-11-06 00:00:00.000,2017-11-06 00:00:00.000,"MPD1000387","Square Capital",2321750.00000,"USD","No",0," "," ",2017-11-02 18:39:09.043,NULL,2017-11-03 10:19:20.367
"75439","PD1000409","7","Approved pending review {0}","1","Capital Call",2017-10-11 00:00:00.000,2017-11-10 00:00:00.000,"MPD1000407","ICON-B+4.25%-Facility C-Aug-22",27492.26000,"AUD","Yes",27492.26000,"AUD","Matiya, Emmanuel",2017-11-02 19:57:49.587,NULL,2017-11-06 16:42:46.477
"75440","PDI100005","6","Manual","1","Capital Call",2017-10-23 00:00:00.000,2017-10-23 00:00:00.000,"MPD1000089","Corporate Expenses - CII Lux Branch",235.54000,"USD","Yes",200.55000,"EUR","Balendran, Sajeetha",2017-11-02 20:54:45.650,NULL,2017-11-03 14:10:01.413
"75441","PDI100014","5","Cancelled","1","Capital Call",2017-10-06 00:00:00.000,2017-10-06 00:00:00.000,"MPDI100014","Corporate Expenses - CII Luxco IP",2.35000,"USD","Yes",2.00000,"EUR","Balendran, Sajeetha",2017-11-02 20:58:42.427,NULL,2017-11-03 14:12:32.317
"75442","PDI100014","6","Manual","1","Capital Call",2017-10-23 00:00:00.000,2017-10-23 00:00:00.000,"MPDI100014","Corporate Expenses - CII Luxco IP",1230.86000,"USD","Yes",1048.03000,"EUR","Balendran, Sajeetha",2017-11-02 21:00:20.180,NULL,2017-11-03 14:20:31.783
"75443","PR1000105","6","Manual","1","Capital Call",2017-10-23 00:00:00.000,2017-10-23 00:00:00.000,"MPR3000105","Altamira Asset Management (CPP IBEH S.a.r.l.)",266.32000,"EUR","Yes",266.32000,"EUR","Balendran, Sajeetha",2017-11-02 21:06:08.437,NULL,2017-11-03 14:23:43.763
"75447","PR1000171","6","Manual","1","Capital Call",2017-10-31 00:00:00.000,2017-10-31 00:00:00.000,"MPR1000171","Project California-NR",24556.97000,"EUR","Yes",36878.11000,"CAD","Gavadza, Olena",2017-11-03 09:18:25.640,Investran,2017-11-03 15:14:06.957
"75448","PR1000125","6","Manual","1","Capital Call",2017-10-31 00:00:00.000,2017-10-31 00:00:00.000,"MPR1000125","Corporate Expenses - Natural Resources (CPPIB)",21494.29000,"CAD","Yes",21494.29000,"CAD","Gavadza, Olena",2017-11-03 09:18:26.577,Investran,2017-11-03 15:14:25.437
"75449","PR1000099","6","Manual","9","Adjustment",2017-10-18 00:00:00.000,2017-10-18 00:00:00.000,"MPR1000099","ista International GmbH",0.00000,"EUR","Yes",0.00000,"EUR","Jiang, Mary",2017-11-03 09:24:11.820,Investran,2017-11-03 17:35:52.810
"75452","FS1000298","1","Pending approval by {0}","1","Capital Call",2017-11-13 00:00:00.000,2017-11-13 00:00:00.000,"MFS1000298","Silver Lake Partners IV, L.P.",14410475.00000,"USD","Yes",14410475.00000,"USD","Vainer, Lori",2017-11-03 09:32:12.650,Investran,2017-11-03 13:13:12.943
"75454","IN1000052","9","Manual pending review","1","Capital Call",2017-11-10 00:00:00.000,2017-11-10 00:00:00.000,"MIN1000052","Corporate Expenses - Infrastructure (VCC)",237008.45000,"CAD","Yes",158265.07000,"EUR","Gavadza, Olena",2017-11-03 09:56:47.853,Investran,2017-11-08 09:27:05.857
"75455","PR1000135","6","Manual","1","Capital Call",2017-10-31 00:00:00.000,2017-10-31 00:00:00.000,"MPR1000135","Project Breckenridge",17118.90000,"USD","Yes",17118.90000,"USD","Gavadza, Olena",2017-11-03 09:58:44.320,Investran,2017-11-03 15:15:03.663
"75456","PR1000125","6","Manual","1","Capital Call",2017-10-31 00:00:00.000,2017-10-31 00:00:00.000,"MPR1000125","Corporate Expenses - Natural Resources (CPPIB)",6178.62000,"CAD","Yes",4792.97000,"USD","Gavadza, Olena",2017-11-03 09:58:45.220,Investran,2017-11-03 15:15:27.803
"75457","PR1000129","6","Manual","1","Capital Call",2017-10-31 00:00:00.000,2017-10-31 00:00:00.000,"MPR1000129","Wolf Infrastructure Inc.",5906.14000,"CAD","Yes",4581.60000,"USD","Gavadza, Olena",2017-11-03 09:58:46.060,Investran,2017-11-03 15:15:51.443
"75458","PR1000171","6","Manual","1","Capital Call",2017-10-31 00:00:00.000,2017-10-31 00:00:00.000,"MPR1000171","Project California-NR",6545.84000,"EUR","Yes",7625.58000,"USD","Gavadza, Olena",2017-11-03 09:58:46.610,Investran,2017-11-03 15:16:14.543
"75459","PR1000125","6","Manual","1","Capital Call",2017-10-31 00:00:00.000,2017-10-31 00:00:00.000,"MPR1000125","Corporate Expenses - Natural Resources (CPPIB)",515.64000,"CAD","Yes",400.00000,"USD","Gavadza, Olena",2017-11-03 09:58:47.193,Investran,2017-11-03 15:16:35.383
"75465","70399A950","4","Closed","2","Cash Distribution",2017-11-03 00:00:00.000,2017-11-03 00:00:00.000,"M70399A950","Paul Capital Top Tier II, L.P.",4190677.16000,"USD","Yes",4190677.16000,"USD"," ",2017-11-03 10:13:15.367,Investran,2017-11-08 11:09:42.250
"75471","70399Q971","8","Pending review by {0}","2","Cash Distribution",2017-11-03 00:00:00.000,2017-11-03 00:00:00.000,"M70399Q971","Paul Capital Top Tier II A, L.P.",467000.54000,"USD","Yes",467000.54000,"USD","Ortiz, Christopher",2017-11-03 10:48:28.643,Investran,2017-11-03 10:56:01.407
"75472","PDI100035","4","Closed","2","Cash Distribution",2017-10-31 00:00:00.000,2017-10-31 00:00:00.000,"MPDI100035","Project President USCo",1487.96000,"USD","Yes",1487.96000,"USD"," ",2017-11-03 11:06:25.400,WSO,2017-11-04 05:39:39.903
"75473","PDI100080","6","Manual","1","Capital Call",2017-10-31 00:00:00.000,2017-10-31 00:00:00.000,"MPDI100080","Project Victoria 6/27/2031",1764.83000,"USD","Yes",1764.83000,"USD","Gavadza, Olena",2017-11-03 11:19:26.250,NULL,2017-11-03 14:58:25.973
"75474","PR1000096","6","Manual","9","Adjustment",2017-10-16 00:00:00.000,2017-10-16 00:00:00.000,"MPR1000096","Agricultural Company of America (PHI Transition)",0.00000,"USD","Yes",0.00000,"USD","Jiang, Mary",2017-11-03 11:39:08.157,Investran,2017-11-07 09:25:04.907
"75475","FS1000466","1","Pending approval by {0}","1","Capital Call",2017-11-15 00:00:00.000,2017-11-15 00:00:00.000,"MFS1000466","Vista Equity Partners Fund VI, L.P.",41105237.00000,"USD","Yes",41105237.00000,"USD","Vainer, Lori",2017-11-03 11:47:53.727,Investran,2017-11-03 16:02:52.107
"75476","FS1000363","6","Manual","1","Capital Call",2017-10-31 00:00:00.000,2017-10-31 00:00:00.000,"MFS1000363","Corporate Expenses - Funds (CPPIB)",13577.99000,"CAD","Yes",13577.99000,"CAD","Gavadza, Olena",2017-11-03 11:49:23.897,Investran,2017-11-03 15:19:00.037
"75477","FS1000363","6","Manual","1","Capital Call",2017-10-31 00:00:00.000,2017-10-31 00:00:00.000,"MFS1000363","Corporate Expenses - Funds (CPPIB)",12193.64000,"CAD","Yes",12193.64000,"CAD","Gavadza, Olena",2017-11-03 11:49:24.300,Investran,2017-11-03 15:19:16.437
"75478","FS1000363","6","Manual","1","Capital Call",2017-10-31 00:00:00.000,2017-10-31 00:00:00.000,"MFS1000363","Corporate Expenses - Funds (CPPIB)",17288.11000,"CAD","Yes",17288.11000,"CAD","Gavadza, Olena",2017-11-03 11:49:24.830,Investran,2017-11-03 15:19:35.760
"75479","FS1000363","6","Manual","1","Capital Call",2017-10-31 00:00:00.000,2017-10-31 00:00:00.000,"MFS1000363","Corporate Expenses - Funds (CPPIB)",3541.41000,"CAD","Yes",3541.41000,"CAD","Gavadza, Olena",2017-11-03 11:49:25.387,Investran,2017-11-03 15:20:06.693
"75480","FS1000393","1","Pending approval by {0}","1","Capital Call",2017-11-16 00:00:00.000,2017-11-16 00:00:00.000,"MFS1000393","EnCap Energy Capital Fund X-C, L.P.",5790153.83000,"USD","Yes",5790153.83000,"USD","Macpherson, Shauna",2017-11-03 12:05:14.960,Investran,2017-11-03 15:13:09.737
"75481","FS1000221","8","Pending review by {0}","2","Cash Distribution",2017-11-03 00:00:00.000,2017-11-03 00:00:00.000,"MFS1000221","Multiples Private Equity Fund I",201893687.79000,"INR","Yes",3035960.00000,"USD","Chih, Joey",2017-11-03 12:08:30.473,Investran,2017-11-03 12:19:28.860
"75482","PD1000381","6","Manual","1","Capital Call",2017-10-02 00:00:00.000,2017-10-02 00:00:00.000,"MPD1000381","Project Opal 7.25 3/1/2022",815.56000,"USD","Yes",1019.98000,"CAD","Gavadza, Olena",2017-11-03 13:15:52.040,NULL,2017-11-03 14:57:42.163
"75483","PD1000381","6","Manual","2","Cash Distribution",2017-10-02 00:00:00.000,2017-10-02 00:00:00.000,"MPD1000381","Project Opal 7.25 3/1/2022",815.56000,"USD","Yes",1019.98000,"CAD","Gavadza, Olena",2017-11-03 13:19:40.197,NULL,2017-11-06 13:24:05.180
"75484","FS1000286","5","Cancelled","2","Cash Distribution",2017-11-03 00:00:00.000,2017-11-03 00:00:00.000,"MFS1000286","Ares Corporate Opportunities Fund IV, L.P.",6048382.98000,"USD","Yes",6048382.98000,"USD","Chih, Joey",2017-11-03 13:56:02.167,Investran,2017-11-03 14:05:28.040
"75486","FS1000363","6","Manual","1","Capital Call",2017-10-31 00:00:00.000,2017-10-31 00:00:00.000,"MFS1000363","Corporate Expenses - Funds (CPPIB)",9654.52000,"CAD","Yes",58430.42000,"HKD","Gavadza, Olena",2017-11-03 14:23:25.130,Investran,2017-11-03 15:17:05.150
"75487","FS1000605","6","Manual","1","Capital Call",2017-10-31 00:00:00.000,2017-10-31 00:00:00.000,"MFS1000605","Yingde Gases Group Co. (PAG Asia)",6523.78000,"USD","Yes",50897.23000,"HKD","Gavadza, Olena",2017-11-03 14:23:26.817,Investran,2017-11-03 15:17:22.380
"75488","FS1000646","6","Manual","1","Capital Call",2017-10-31 00:00:00.000,2017-10-31 00:00:00.000,"MFS1000646","China Internet Plus Holdings Ltd (PHI 3)",15144.42000,"USD","Yes",118153.75000,"HKD","Gavadza, Olena",2017-11-03 14:23:27.360,Investran,2017-11-03 15:17:43.270
"75489","FS1000414","6","Manual","1","Capital Call",2017-10-31 00:00:00.000,2017-10-31 00:00:00.000,"MFS1000414","Trustbridge Partners V, L.P.",4002.91000,"USD","Yes",31229.93000,"HKD","Gavadza, Olena",2017-11-03 14:23:28.067,Investran,2017-11-03 15:18:00.953
"75490","FS1000363","6","Manual","1","Capital Call",2017-10-31 00:00:00.000,2017-10-31 00:00:00.000,"MFS1000363","Corporate Expenses - Funds (CPPIB)",7963.72000,"CAD","Yes",48197.48000,"HKD","Gavadza, Olena",2017-11-03 14:23:28.447,Investran,2017-11-03 15:18:31.193
"75491","IN1000051","9","Manual pending review","1","Capital Call",2017-11-09 00:00:00.000,2017-11-09 00:00:00.000,"MIN1000051","Corporate Expenses - Infra (Emerging Mkts) (VCC)",8590.83000,"CAD","Yes",8590.83000,"CAD","Ip, Chester",2017-11-03 14:44:47.250,Investran,2017-11-08 15:04:48.680
"75492","FS1000409","5","Cancelled","1","Capital Call",2017-11-09 00:00:00.000,2017-11-09 00:00:00.000,"MFS1000409","Corporate Expenses - Funds (VCC)",1169.55000,"CAD","Yes",1169.55000,"CAD","Hassan, Sohaib",2017-11-03 14:44:47.870,Investran,2017-11-07 12:22:38.893
"75493","IN1000051","6","Manual","1","Capital Call",2017-11-09 00:00:00.000,2017-11-09 00:00:00.000,"MIN1000051","Corporate Expenses - Infra (Emerging Mkts) (VCC)",1078.59000,"CAD","Yes",1078.59000,"CAD","Hassan, Sohaib",2017-11-03 14:59:08.140,Investran,2017-11-07 14:00:02.353
"75494","PDI100016","4","Closed","2","Cash Distribution",2017-10-31 00:00:00.000,2017-10-31 00:00:00.000,"MP2I100016","Kennedy Trust Royalty 2 08/21/2018",389180.18000,"USD","Yes",389180.18000,"USD"," ",2017-11-03 15:00:16.243,WSO,2017-11-03 15:36:16.240
"75495","IN1000052","6","Manual","1","Capital Call",2017-11-09 00:00:00.000,2017-11-09 00:00:00.000,"MIN1000052","Corporate Expenses - Infrastructure (VCC)",1169.55000,"CAD","Yes",1169.55000,"CAD","Hassan, Sohaib",2017-11-03 15:16:49.527,Investran,2017-11-07 13:33:38.160
"75496","FS1000286","4","Closed","2","Cash Distribution",2017-11-03 00:00:00.000,2017-11-03 00:00:00.000,"MFS1000286","Ares Corporate Opportunities Fund IV, L.P.",6048382.98000,"USD","Yes",6048382.98000,"USD"," ",2017-11-03 15:23:59.960,Investran,2017-11-06 09:14:42.960
"75499","PR1000127","6","Manual","1","Capital Call",2017-11-10 00:00:00.000,2017-11-10 00:00:00.000,"MPR1000127","Corporate Expenses - Natural Resources (VCC)",808308.38000,"CAD","Yes",473000.00000,"GBP","Hassan, Sohaib",2017-11-03 15:58:48.023,Investran,2017-11-07 13:11:34.040
"75500","914YDC902","6","Manual","1","Capital Call",2017-11-10 00:00:00.000,2017-11-10 00:00:00.000,"M914YDC902","AWG 2 (Private)",5000.00000,"GBP","Yes",5000.00000,"GBP","Hassan, Sohaib",2017-11-03 16:29:03.673,Investran,2017-11-07 13:15:03.743
"75501","PR1000099","6","Manual","9","Adjustment",2017-10-18 00:00:00.000,2017-10-18 00:00:00.000,"MPR1000099","ista International GmbH",0.00000,"EUR","Yes",0.00000,"EUR","Ip, Chester",2017-11-03 16:56:05.863,Investran,2017-11-03 17:38:42.150
"75502","PD1000386","6","Manual","1","Capital Call",2017-10-31 00:00:00.000,2017-10-31 00:00:00.000,"MPD1000387","Square Capital",27763.63000,"USD","No",0," ","Matiya, Emmanuel",2017-11-03 17:31:38.333,NULL,2017-11-06 16:01:13.563

(148 rows affected)
